time,data,src
34594337989.030754,1.00000,pHelmIvP:733:waypt_survey
34594338120.64632,2.00000,pHelmIvP:1401:waypt_survey
