time,data,src
34594337773.26574,0.00000,uFldCollisionDetect
34594337773.26574,0.00000,uFldCollisionDetect
34594337773.26574,0.00000,uFldCollisionDetect
