time,data,src
34594337756.35398,23277.0,pMarineViewer
34594337756.35398,23277.0,pMarineViewer
34594337756.35398,23277.0,pMarineViewer
34594337756.35398,23277.0,pMarineViewer
34594337756.35398,23277.0,pMarineViewer
34594337756.35398,23277.0,pMarineViewer
34594337756.35398,23277.0,pMarineViewer
34594337756.35398,23277.0,pMarineViewer
34594337756.35398,23277.0,pMarineViewer
34594337756.35398,23277.0,pMarineViewer
34594337756.35398,23277.0,pMarineViewer
34594337756.35398,23277.0,pMarineViewer
34594337756.35398,23277.0,pMarineViewer
34594337756.35398,23277.0,pMarineViewer
34594337756.35398,23277.0,pMarineViewer
34594337756.35398,23277.0,pMarineViewer
