time,data,src
34594337756.364456,0.0,pMarineViewer
34594337756.364456,0.0,pMarineViewer
34594337756.364456,0.0,pMarineViewer
34594337756.364456,0.0,pMarineViewer
34594337756.364456,0.0,pMarineViewer
34594337756.364456,0.0,pMarineViewer
34594337756.364456,0.0,pMarineViewer
34594337756.364456,0.0,pMarineViewer
34594337756.364456,0.0,pMarineViewer
34594337756.364456,0.0,pMarineViewer
34594337756.364456,0.0,pMarineViewer
34594337756.364456,0.0,pMarineViewer
34594337756.364456,0.0,pMarineViewer
34594337756.364456,0.0,pMarineViewer
34594337756.364456,0.0,pMarineViewer
34594337756.364456,0.0,pMarineViewer
